Algorithm,Best X,Best Y,Best Fitness
Genetic Algorithm,-0.007476935479471531,-1.015477985997018,1.0895361127388519
Differential Evolution,-7.186426308180966e-09,2.1780710986555826e-09,1.0658141036401503e-14
Particle Swarm Optimization,9.961640937976484e-09,-0.9949586290613385,0.9949590570933253
