Algorithm,Best X,Best Y,Best Fitness
Genetic Algorithm,0.028947144570345733,0.007385453560750293,0.17660399390571513
Differential Evolution,7.843784378737893e-09,-4.305522384054683e-10,1.4210854715202004e-14
Particle Swarm Optimization,5.760036090506627e-09,-0.9949585334597334,0.9949590570954499
